grid_lat,grid_lon,detections,active_days,mean_frp,max_frp,mean_bright_ti4,max_bright_ti4,static_detections,vegetation_detections
21.1,72.64,670,270,5.932746268656716,38.49,330.6177313432836,367.0,669,1
23.76,86.4,1431,264,3.39083857442348,15.27,321.1556743535989,367.0,1420,11
23.78,86.39,1317,258,3.4146165527714505,15.31,320.7156112376614,354.24,1317,0
23.78,86.21,943,258,3.539851537645811,16.65,321.44651113467654,367.0,942,1
21.11,72.65,496,256,7.4018749999999995,50.97,332.33110887096774,367.0,496,0
23.17,82.34,718,248,2.7259192200557103,15.14,318.67114206128133,353.55,707,11
22.04,83.73,788,247,6.138934010152283,38.13,331.77422588832485,367.0,781,7
21.92,83.35,861,243,3.398281068524971,16.65,320.4240069686411,354.28,861,0
22.04,83.74,623,237,5.619871589085072,35.7,324.7910754414125,367.0,620,3
22.38,87.28,643,235,2.751679626749611,11.62,316.9053499222395,347.2,619,24
23.69,86.39,589,232,2.9749915110356535,11.83,317.62947368421055,354.23,589,0
23.69,87.12,762,229,1.9762598425196851,8.43,309.16451443569554,341.36,761,1
20.97,85.17,729,227,2.8419615912208505,12.53,314.6344032921811,349.19,729,0
23.56,87.24,586,227,2.968737201365188,16.32,317.94302047781565,353.79,541,0
21.11,72.64,516,227,4.1635465116279065,32.52,318.5120930232558,367.0,516,0
23.68,86.39,481,227,2.8874220374220374,12.28,316.67968814968816,353.04,474,7
21.68,84.04,628,226,2.5660350318471337,8.95,315.7536942675159,344.67,623,5
23.78,86.35,458,222,2.6283842794759824,9.13,319.1442576419214,350.27,454,4
20.96,85.17,547,221,2.9690676416819013,13.8,317.17115173674586,348.43,547,0
23.68,86.09,572,220,2.687062937062937,12.22,314.972465034965,367.0,572,0
23.8,86.33,401,219,3.0806234413965083,11.67,319.4903740648379,350.27,401,0
22.37,87.3,490,217,2.4940204081632653,9.38,314.98510204081634,344.3,488,2
20.79,85.26,629,214,2.9998887122416535,16.03,315.6718282988871,352.17,628,1
21.77,84.02,536,214,2.1653544776119404,9.14,311.4342910447761,341.58,532,4
23.77,86.39,726,212,2.526143250688705,13.35,311.5020936639118,348.09,726,0
22.79,86.2,594,211,2.3086700336700336,13.95,310.9936868686869,352.45,497,0
23.72,86.44,552,211,2.2190217391304348,8.1,310.54632246376815,342.85,547,5
23.68,86.4,475,210,2.3307368421052628,10.07,311.0548631578947,347.94,472,3
26.76,83.2,278,210,1.566043165467626,5.45,306.1641366906475,333.64,271,7
21.08,85.04,585,208,2.5564444444444443,12.63,313.74046153846155,345.84,585,0
22.8,86.09,398,206,1.7393969849246231,8.74,308.70932160804017,347.73,391,7
18.69,73.04,428,205,2.5759112149532712,10.52,316.40109813084115,348.86,425,3
23.74,86.43,329,203,3.04209726443769,10.86,316.6189969604863,350.1,181,148
23.74,85.01,495,202,2.206060606060606,14.71,308.6898787878788,347.66,485,10
21.1,72.65,316,199,5.159968354430379,21.8,327.45164556962027,367.0,311,3
23.78,86.37,369,198,2.008048780487805,6.63,311.2290514905149,341.56,359,10
21.93,85.22,368,198,1.539429347826087,10.61,307.5758423913044,344.09,362,6
21.49,81.77,270,196,1.4987777777777778,4.18,308.33355555555556,330.04,265,5
21.76,84.02,499,194,2.2626853707414827,9.32,310.4780761523046,347.7,499,0
22.04,83.35,345,193,1.6124927536231883,6.3,307.057768115942,338.82,334,11
23.77,86.2,337,192,1.8474777448071218,8.51,305.430118694362,333.62,337,0
23.77,86.4,529,190,2.052514177693762,12.19,307.6611531190926,367.0,491,38
21.38,81.68,304,190,1.9499342105263158,6.53,309.29769736842104,344.88,295,9
22.36,87.02,292,190,1.8677739726027396,6.51,311.27,336.22,287,5
22.79,86.21,374,189,2.247994652406417,12.4,310.7310160427807,353.96,372,2
20.95,86.05,336,189,2.8553571428571427,24.59,320.10255952380953,347.01,329,7
23.78,86.4,304,189,2.9871052631578947,17.52,316.718552631579,350.88,297,7
23.79,86.35,319,185,2.253793103448276,8.53,310.7322570532915,338.04,317,2
23.69,87.1,290,185,1.8317586206896552,5.63,305.33727586206896,333.07,290,0
15.18,76.66,355,184,2.6903098591549295,14.37,316.0102253521127,353.39,355,0
24.66,74.63,246,184,1.8854471544715448,6.31,305.75646341463414,318.3,240,6
23.76,86.39,290,183,3.0038275862068966,12.82,314.1874137931035,367.0,290,0
20.91,71.46,227,183,1.4356828193832598,4.52,309.9677973568282,336.21,225,2
20.98,85.14,367,179,2.353841961852861,8.49,313.3323160762943,349.5,343,24
22.37,87.02,244,178,1.8470901639344262,6.75,311.4615573770492,338.28,239,5
21.1,72.63,257,177,5.02011673151751,29.17,323.7477431906615,367.0,247,10
20.79,85.25,284,176,4.502711267605633,16.9,323.44524647887323,367.0,284,0
22.0,82.67,262,176,2.1134732824427482,9.81,310.02248091603053,339.89,254,8
22.21,84.86,358,175,2.0217877094972065,9.6,310.25918994413405,353.15,355,3
15.17,76.38,305,173,1.6800327868852458,5.14,307.3589836065574,333.67,302,3
21.19,81.39,287,172,2.0924041811846688,6.71,310.5623693379791,341.42,214,1
23.75,86.42,305,170,1.919672131147541,7.65,310.12832786885247,336.99,304,1
23.79,86.33,291,170,2.526529209621993,10.75,313.10591065292095,348.25,289,2
26.64,79.48,307,169,2.430521172638436,18.39,312.670325732899,367.0,304,3
19.1,73.05,255,169,1.3052549019607842,6.0,311.26796078431374,331.69,236,19
22.1,83.12,261,168,2.223448275862069,9.01,310.94739463601536,344.55,224,37
20.81,85.26,232,168,2.3294396551724135,7.43,313.6460775862069,341.5,230,2
21.76,83.84,375,167,2.1594933333333337,8.76,315.50146666666666,345.12,368,7
23.78,86.34,273,167,2.13996336996337,9.59,308.5649816849817,342.15,262,11
18.68,73.04,332,166,2.6178614457831326,11.6,314.3313855421687,349.8,328,1
23.81,86.33,223,165,2.6871748878923767,10.66,315.9735874439462,353.08,222,1
24.21,82.71,245,162,1.7703673469387755,8.5,308.73314285714287,341.82,245,0
23.68,86.08,230,161,2.136608695652174,8.76,310.6043043478261,344.82,230,0
23.78,86.36,198,160,2.1700505050505052,5.85,311.2620202020202,344.27,196,2
20.97,86.01,323,158,3.2253869969040245,36.53,316.75656346749224,367.0,317,6
19.1,82.17,260,158,1.9910384615384613,12.76,311.3043846153846,349.29,197,63
23.67,86.92,253,158,1.9159288537549408,7.32,312.46956521739133,347.47,244,9
23.76,85.85,249,158,2.381285140562249,7.71,312.93927710843377,343.43,249,0
22.36,87.3,230,158,2.5953478260869565,10.16,315.3028260869565,341.95,230,0
20.89,84.98,276,157,2.439166666666667,11.06,314.28340579710147,352.7,270,6
17.61,83.2,281,154,1.8977935943060498,8.34,310.82526690391455,342.7,279,2
20.76,85.29,230,154,1.7184347826086956,8.69,308.87452173913044,338.14,228,2
20.98,85.13,339,153,2.4595870206489674,12.75,312.97746312684365,345.6,324,15
21.08,85.03,230,153,2.194391304347826,10.1,309.413,342.06,224,6
20.8,85.26,268,152,2.6803358208955226,11.16,314.0903358208955,347.67,267,1
21.38,81.64,224,152,1.7872321428571427,3.6,305.2446875,315.22,219,5
22.33,82.65,272,151,1.9545955882352941,7.73,311.5868382352941,344.36,268,4
23.72,86.45,237,151,2.7443037974683544,12.16,310.60755274261606,340.69,236,1
21.39,81.65,179,150,1.5968156424581004,3.91,307.50743016759776,334.74,174,5
22.05,88.12,206,149,2.414757281553398,9.44,315.12752427184466,347.05,205,1
23.67,86.09,195,149,1.6103589743589743,6.28,307.3016923076923,342.91,181,14
15.18,76.65,210,146,2.435095238095238,9.04,312.1657619047619,343.52,208,2
23.69,87.11,260,145,1.7857307692307693,5.57,302.66346153846155,316.02,260,0
20.87,84.99,246,142,2.3389837398373983,15.71,311.68463414634147,341.66,235,11
23.55,87.24,208,142,2.1528846153846155,13.66,309.9472596153846,339.72,51,4
22.87,86.06,179,142,1.455754189944134,6.23,308.75240223463686,333.85,177,2
21.37,81.68,215,141,1.6587441860465115,4.73,305.53311627906976,315.78,200,15
23.82,85.5,203,141,1.8425615763546799,29.01,306.6959113300492,342.42,192,11
22.05,88.13,178,141,2.483651685393258,11.18,316.94370786516856,345.15,175,1
20.79,85.27,183,140,1.964262295081967,9.77,310.94158469945353,339.74,174,9
22.11,83.12,177,140,1.686271186440678,7.48,307.53429378531075,342.25,134,43
23.56,87.08,176,140,1.4752272727272726,5.28,304.1775568181818,317.07,172,4
23.68,86.1,212,138,3.089764150943396,23.53,316.69882075471696,354.23,205,7
20.8,85.25,197,138,3.789796954314721,18.11,320.9715228426396,353.9,197,0
23.61,86.79,183,137,1.6851912568306011,6.33,307.421912568306,336.41,183,0
21.67,82.08,187,136,1.5315508021390374,5.66,306.6634759358289,316.33,187,0
22.01,82.67,177,135,1.866949152542373,8.93,308.5280790960452,340.15,172,5
22.21,84.87,263,134,2.175019011406844,7.39,312.9286692015209,343.5,263,0
20.97,85.15,217,133,2.257695852534562,10.89,313.03682027649774,367.0,180,37
20.97,86.0,183,133,1.9014207650273223,6.55,308.3994535519126,341.29,179,4
20.97,85.18,182,133,2.5394505494505495,12.84,315.42906593406593,347.75,182,0
23.84,84.95,235,132,1.8479999999999999,9.55,309.1006382978723,344.21,22,213
22.8,86.21,193,132,4.237357512953367,21.29,321.79974093264246,367.0,193,0
18.72,79.54,207,129,2.2771014492753623,10.02,315.6684541062802,343.52,200,7
22.59,85.9,187,128,1.442994652406417,4.77,306.56641711229946,332.1,181,6
21.18,81.39,182,128,1.9174175824175825,6.61,312.0808791208791,343.97,13,0
22.33,82.66,198,127,2.069848484848485,7.87,313.6222222222222,343.57,193,5
21.31,81.59,155,127,1.070516129032258,3.35,305.0070322580645,318.19,152,3
22.31,82.53,187,126,1.7124064171122997,6.23,308.647807486631,340.74,187,0
20.98,85.15,156,126,1.767948717948718,9.0,312.6762179487179,342.67,154,2
22.11,83.52,159,124,2.0931446540880505,9.79,313.5525786163522,347.04,102,57
24.82,73.09,133,124,1.396691729323308,5.13,306.3206015037594,322.28,130,3
21.88,83.55,155,123,1.3870322580645162,5.05,305.96290322580643,317.37,144,11
23.77,86.21,175,122,1.6122285714285713,6.29,305.03457142857144,334.19,175,0
21.25,79.22,167,122,1.8364670658682634,8.42,313.2080239520958,343.35,161,6
23.76,85.86,169,120,2.3968047337278104,8.88,310.11384615384617,339.02,167,2
22.8,86.2,156,119,2.3626923076923076,23.72,309.03999999999996,341.07,133,1
21.98,83.23,144,119,1.7426388888888888,6.76,308.1173611111111,333.5,142,2
21.11,72.63,165,118,2.8120000000000003,14.29,312.05048484848487,341.15,165,0
15.66,73.99,135,118,0.8166666666666667,3.03,306.48096296296296,332.3,135,0
27.38,95.09,146,117,0.864041095890411,3.32,304.2797945205479,334.08,135,11
22.36,87.29,133,117,1.2897744360902255,4.16,305.608947368421,331.91,129,4
15.18,77.1,128,117,1.2021875,4.69,304.72796875,311.75,123,5
22.36,82.3,365,115,4.9066027397260275,24.3,327.058,367.0,215,150
18.68,73.03,149,115,2.041342281879195,8.06,309.1096644295302,339.15,149,0
22.33,82.6,182,113,2.2696153846153844,15.08,312.3568681318681,350.11,171,11
27.46,95.48,166,113,1.2283734939759037,5.63,312.3066265060241,339.57,153,13
23.62,86.79,144,112,1.5786805555555556,6.99,305.42298611111113,332.71,144,0
21.07,85.04,174,111,1.6889080459770116,4.41,306.0540229885058,330.71,172,2
23.67,85.0,138,111,1.4860144927536232,7.82,304.5044927536232,345.34,134,4
22.32,82.56,229,110,2.6816593886462883,11.91,317.0976419213974,351.08,162,67
23.7,85.29,154,110,1.2055194805194807,3.61,304.25493506493507,327.91,34,120
22.59,85.91,153,110,1.518954248366013,7.5,308.9547712418301,335.54,149,4
15.17,76.66,160,108,2.7575624999999997,16.42,316.81062499999996,349.12,158,2
23.61,87.15,150,106,1.1837333333333333,3.36,302.2536,315.82,149,1
23.73,86.44,146,106,2.1036301369863013,9.3,306.75835616438354,342.96,134,12
20.94,86.06,139,106,1.650431654676259,5.13,307.2390647482015,333.81,136,3
22.06,88.12,145,104,2.567862068965517,21.37,314.9715862068965,344.23,143,2
19.79,79.15,117,104,1.8205128205128205,5.6,308.5379487179487,335.35,117,0
21.78,83.83,177,103,1.8248587570621468,6.5,308.7820903954802,339.49,167,10
23.16,82.34,143,103,2.0254545454545454,8.44,311.9388811188811,347.59,140,3
27.67,76.13,119,101,1.4942016806722689,4.88,305.10117647058826,315.6,106,13
20.96,86.01,171,100,3.977426900584795,33.19,321.11058479532164,367.0,164,7
23.81,86.32,119,99,2.5958823529411768,8.65,307.93957983193275,331.04,117,2
22.32,82.53,118,99,1.3719491525423728,3.75,305.15491525423727,316.79,108,10
24.12,86.86,125,98,1.1,4.06,304.22535999999997,313.15,27,98
23.27,70.26,114,98,1.0693859649122808,2.45,305.76,321.57,111,3
27.47,95.42,139,97,0.8988489208633094,2.36,305.4512949640288,335.35,137,2
23.48,87.36,128,97,1.6475,5.24,306.6415625,341.26,127,1
27.61,95.4,120,97,1.1791666666666667,4.0,308.6755,339.99,108,12
22.11,83.53,113,97,2.2161061946902656,6.32,316.5964601769912,346.23,81,32
20.96,85.18,153,96,2.3502614379084967,7.43,311.918954248366,339.83,153,0
21.0,86.01,135,96,2.365851851851852,14.66,313.8175555555556,367.0,96,39
23.77,86.36,112,96,2.3312500000000003,6.82,313.1624107142857,345.11,95,17
22.86,86.06,110,96,1.054181818181818,3.62,303.4128181818181,330.26,107,3
21.99,83.23,108,96,1.6998148148148147,5.43,309.6878703703704,339.27,106,2
23.72,85.01,105,96,0.8523809523809524,2.85,302.57533333333333,312.18,104,1
22.05,83.73,132,95,4.141742424242424,24.28,319.00363636363636,367.0,122,10
21.23,79.63,123,95,1.4898373983739837,7.61,306.6422764227642,331.73,121,2
18.69,73.03,105,95,1.9034285714285712,5.44,309.1012380952381,342.52,102,3
20.78,85.26,122,94,1.8888524590163933,7.94,308.10073770491806,332.88,122,0
21.93,83.34,121,94,2.57702479338843,9.25,310.04223140495867,345.64,79,5
29.91,74.95,152,93,3.279934210526316,35.3,315.79506578947365,367.0,151,1
15.18,76.67,133,93,2.7412030075187968,15.79,317.59233082706766,348.1,128,5
26.27,74.19,133,93,1.4060902255639096,3.17,304.5340601503759,316.48,119,14
19.92,79.11,101,92,1.195049504950495,4.83,304.34801980198023,313.23,100,1
24.19,82.58,139,91,1.2649640287769786,3.44,306.91503597122306,336.63,117,22
22.22,84.75,122,91,1.3568852459016392,2.49,301.4654918032787,309.31,122,0
22.27,75.13,102,91,1.4472549019607843,5.93,305.86607843137256,316.15,101,1
24.76,74.61,101,91,1.8753465346534652,7.38,310.3627722772277,334.57,101,0
23.77,86.37,119,90,1.8535294117647059,5.74,307.7591596638656,345.47,105,14
23.73,86.43,114,90,2.777280701754386,8.15,313.1616666666667,341.54,64,50
23.75,85.51,99,90,1.1438383838383839,2.87,306.2151515151515,334.83,98,1
15.02,78.01,93,89,1.4954838709677418,4.5,310.18032258064517,335.93,93,0
22.03,83.36,130,88,1.4616923076923078,3.03,302.2974615384615,311.82,130,0
23.8,87.05,106,88,2.349622641509434,7.41,306.3416037735849,337.34,106,0
22.88,86.06,102,88,1.435,5.39,307.68686274509804,335.63,101,1
15.17,76.67,167,87,2.752754491017964,23.41,315.34904191616766,351.2,160,7
22.02,83.38,94,87,1.044255319148936,2.48,305.0846808510638,316.48,93,1
22.32,82.59,127,86,2.227716535433071,9.6,315.34874015748034,345.15,53,74
21.86,83.97,93,86,1.2053763440860215,3.63,305.05118279569894,316.61,70,23
23.77,86.38,131,85,1.998091603053435,5.5,305.0210687022901,327.71,131,0
21.97,85.31,97,85,0.9117525773195876,4.06,302.91237113402065,313.27,96,1
19.96,79.33,96,85,1.6914583333333333,7.83,312.9967708333333,342.35,92,4
21.88,83.56,96,85,1.1971875,2.87,305.7225,332.7,88,8
22.26,75.13,95,85,1.8270526315789473,10.67,306.8655789473684,318.55,94,1
23.43,68.71,95,85,1.2141052631578948,3.76,304.9538947368421,339.64,85,10
21.75,84.02,95,84,1.938315789473684,7.37,307.93663157894736,337.62,95,0
26.87,73.52,93,84,1.1534408602150537,4.0,302.8959139784946,314.06,93,0
23.81,84.85,120,83,1.62825,7.12,309.75483333333335,347.45,115,5
20.97,85.16,118,83,1.9141525423728813,13.84,307.45245762711863,340.54,116,2
27.32,95.27,111,83,1.1039639639639638,3.45,308.7507207207207,337.74,111,0
22.94,69.7,105,83,1.2763809523809524,5.93,308.3027619047619,339.32,105,0
21.19,81.42,100,83,3.9248000000000003,20.97,323.4836,367.0,99,1
26.88,73.51,99,83,1.1622222222222223,2.62,302.47080808080807,312.71,95,4
23.01,70.1,97,82,1.2077319587628867,10.4,306.85536082474226,341.49,88,9
24.45,83.04,93,82,0.988494623655914,3.09,301.8432258064516,312.74,92,1
22.78,86.2,99,81,2.196969696969697,7.3,309.32969696969695,342.31,97,2
21.88,83.5,84,81,1.2961904761904761,10.1,305.96488095238095,335.05,82,2
23.67,86.42,153,80,1.6538562091503268,4.73,308.15633986928106,335.95,134,17
23.67,86.4,100,79,2.105,6.73,308.9029,339.9,98,2
23.55,87.25,93,79,1.6413978494623656,3.97,307.5312903225806,334.5,24,2
23.79,86.37,85,79,1.158705882352941,2.95,303.7436470588235,314.44,84,1
22.02,83.75,152,78,2.626447368421053,8.71,317.0621052631579,348.41,3,149
21.2,81.42,94,78,4.499042553191489,23.03,325.4827659574468,367.0,93,1
11.81,77.92,108,77,2.0096296296296297,10.69,313.5774074074074,344.47,106,2
22.98,72.57,93,77,1.475268817204301,10.14,310.28655913978497,342.79,43,50
23.83,85.5,90,77,1.4982222222222223,3.13,304.8113333333333,317.47,84,6
21.3,81.61,88,77,1.1182954545454544,6.14,305.5396590909091,341.15,87,1
24.69,73.0,87,77,1.3370114942528735,3.61,305.8618390804598,330.19,87,0
23.63,86.29,105,76,1.6622857142857141,7.83,309.1921904761905,342.37,98,7
21.18,81.38,100,76,1.8021,5.08,307.61650000000003,332.39,59,3
26.88,73.52,87,76,1.1360919540229886,3.25,301.54160919540226,311.74,86,1
23.76,86.41,92,75,2.776086956521739,13.74,314.6258695652174,348.74,78,14
23.8,86.35,90,75,1.9643333333333333,4.85,307.14522222222223,333.12,86,4
23.75,86.4,89,75,1.7147191011235956,7.02,305.1225842696629,332.77,85,4
23.32,70.49,78,75,1.0797435897435896,2.07,305.71294871794873,315.61,76,2
24.16,82.67,114,74,1.5092982456140351,6.22,311.0807017543859,340.76,52,62
23.81,84.84,100,74,1.5104,5.26,305.9857,341.48,78,22
22.22,84.76,92,74,1.2075,2.63,301.9909782608696,313.07,86,6
23.66,86.92,85,74,1.6107058823529412,6.64,308.63176470588235,344.38,85,0
23.55,86.54,77,74,1.1487012987012988,3.88,303.7444155844156,313.5,75,2
15.15,76.71,86,73,0.968139534883721,5.52,305.2660465116279,338.01,80,6
23.74,86.42,86,73,1.7301162790697673,4.7,306.256511627907,330.75,85,1
20.86,84.99,80,73,1.7195,6.15,311.260625,336.92,79,1
11.82,77.92,78,73,1.7042307692307692,3.69,311.76461538461535,332.04,78,0
23.99,79.39,78,73,1.232179487179487,3.69,304.5496153846154,316.5,77,1
23.55,86.55,75,72,1.1543999999999999,5.78,303.7668,340.82,72,3
23.56,87.09,89,71,1.2934831460674159,2.8,303.57955056179776,313.5,86,3
21.92,83.34,84,71,2.5148809523809526,6.43,308.5729761904762,337.72,84,0
15.33,76.29,71,71,1.338169014084507,5.0,307.27802816901414,319.87,70,1
22.06,88.13,84,69,2.572738095238095,7.03,318.02142857142854,344.68,83,1
24.12,86.35,78,69,0.9467948717948718,1.81,300.11064102564103,308.75,74,4
17.15,78.22,77,69,0.9640259740259741,2.0,303.35168831168835,313.43,77,0
26.06,93.89,75,68,0.55,3.37,300.0576,308.31,9,66
22.93,69.82,70,68,0.8408571428571429,1.97,303.1387142857143,309.46,65,5
22.35,82.29,87,67,2.374137931034483,11.65,315.4562068965517,348.07,40,47
23.51,87.28,80,67,1.202625,5.11,303.1125,330.22,78,2
23.26,70.25,79,67,1.200379746835443,6.66,307.0779746835443,344.58,78,1
23.26,70.26,77,67,1.1177922077922078,2.61,306.435974025974,329.17,59,18
21.75,83.84,70,67,1.5937142857142856,6.97,307.4682857142857,342.4,68,2
23.74,85.51,69,67,1.1520289855072463,2.59,308.1127536231884,331.94,69,0
15.34,76.28,90,65,1.953,7.67,311.452,343.44,87,3
23.56,87.23,83,65,1.75,9.57,310.3198795180723,349.07,83,0
23.78,86.38,68,65,2.21,5.98,307.51735294117645,339.26,66,2
24.17,82.56,83,64,1.1186746987951806,2.11,303.55277108433734,325.07,83,0
20.96,85.16,71,64,2.019154929577465,6.12,308.35619718309863,332.13,67,4
22.81,86.09,71,64,1.5371830985915493,8.07,303.92957746478874,327.04,71,0
24.93,74.63,67,64,1.1429850746268657,1.88,306.28850746268654,317.57,66,1
22.24,87.39,72,63,1.3459722222222221,6.27,309.1716666666667,341.99,72,0
24.17,80.69,64,63,1.15546875,2.08,303.5546875,330.69,59,5
23.78,86.2,89,62,2.709775280898876,9.83,307.9286516853933,328.67,88,1
27.6,95.4,80,62,1.188625,5.1,309.5145,334.97,74,6
20.95,85.01,84,61,2.3002380952380954,7.6,313.00845238095235,346.99,84,0
22.03,83.37,71,61,1.4029577464788732,2.88,302.86633802816897,310.79,61,10
23.8,85.54,70,61,1.2452857142857143,3.29,301.97342857142854,310.32,9,61
21.99,85.33,65,61,0.9307692307692308,5.71,301.6323076923077,334.36,45,3
22.13,85.38,66,60,0.7736363636363637,1.86,302.3812121212121,308.89,66,0
22.36,82.31,87,59,4.252873563218391,14.45,322.30022988505743,347.79,36,51
20.88,84.98,72,59,2.345972222222222,8.32,311.18319444444444,344.58,70,2
22.1,83.52,66,59,1.9692424242424242,6.03,312.7437878787879,342.69,31,35
23.7,87.12,69,58,1.6807246376811593,5.04,303.37289855072464,314.6,68,1
15.18,76.68,74,57,2.256891891891892,9.96,313.1131081081081,343.08,54,20
23.66,85.0,68,57,1.1544117647058822,2.8,302.6088235294118,311.47,56,12
15.53,73.99,65,57,1.5801538461538462,5.9,309.6864615384615,335.5,63,2
23.83,84.92,123,56,3.3804878048780487,19.74,319.8552845528455,352.7,9,114
24.14,82.57,88,56,1.4757954545454546,5.84,309.0378409090909,340.49,26,62
22.32,82.57,83,56,2.1667469879518073,13.55,314.30397590361446,343.22,48,35
31.25,76.93,62,56,0.5559677419354838,1.32,300.9517741935484,309.72,61,1
21.73,82.21,58,56,1.7005172413793104,7.0,306.8346551724138,316.23,57,1
23.74,86.44,59,55,2.625762711864407,8.65,313.25169491525423,341.31,25,34
20.97,86.02,71,54,2.7828169014084505,9.62,315.1280281690141,351.77,65,6
22.98,72.56,60,54,1.22,3.87,307.898,326.32,27,33
29.12,75.78,59,54,1.2089830508474575,3.92,306.60118644067796,330.27,57,2
22.33,82.61,58,54,1.2341379310344827,2.84,306.988275862069,332.93,52,6
23.63,86.3,58,54,1.1770689655172413,4.19,303.45310344827584,337.59,56,2
21.58,82.02,56,54,1.5742857142857143,4.42,306.5169642857143,316.51,55,1
23.74,85.5,54,54,1.351111111111111,4.43,306.6759259259259,327.97,47,7
19.09,82.17,76,53,2.6010526315789475,9.77,314.335,347.22,46,30
21.76,84.03,66,53,1.9086363636363637,6.08,309.0815151515152,346.24,66,0
24.17,80.7,59,53,1.0998305084745763,5.25,303.8025423728813,314.48,59,0
24.33,81.33,55,53,1.0554545454545454,5.66,304.60472727272725,314.01,37,18
23.31,70.49,53,53,1.16,2.48,305.8160377358491,315.92,53,0
15.19,76.66,63,52,2.2885714285714287,6.09,310.98349206349206,338.19,62,1
23.8,86.34,63,52,2.2196825396825397,4.53,306.19666666666666,316.7,63,0
22.91,69.7,61,52,1.2895081967213113,4.16,305.4311475409836,317.43,52,9
23.41,72.42,59,52,0.7696610169491526,2.74,305.7813559322034,336.76,41,18
24.21,82.53,56,52,1.0189285714285714,3.89,303.95678571428573,346.06,52,4
22.05,85.46,52,52,0.9786538461538462,2.96,303.0019230769231,312.89,52,0
24.14,82.56,71,51,1.68943661971831,5.31,311.30591549295775,339.36,30,41
22.21,84.88,62,51,1.8729032258064517,6.88,311.0082258064516,344.63,61,1
17.06,76.98,55,51,1.4414545454545455,5.46,308.8950909090909,318.37,55,0
22.32,82.66,74,50,1.6333783783783784,4.88,309.2,341.42,74,0
22.35,82.3,58,50,3.578275862068965,10.54,317.26637931034486,352.0,37,21
22.32,82.54,53,50,1.1271698113207547,2.98,303.80490566037736,314.8,35,18
22.34,69.87,50,50,2.2416,3.88,308.5868,316.47,46,4
17.14,77.18,59,49,1.1767796610169492,4.22,306.5249152542373,316.36,59,0
20.96,85.01,58,49,1.7443103448275863,5.61,308.44293103448274,335.78,57,1
20.87,85.0,56,48,3.289107142857143,15.71,316.2369642857143,349.59,54,2
20.89,84.99,55,48,1.96,6.19,307.9778181818182,335.26,9,46
20.7,78.64,52,48,1.3209615384615385,3.57,305.14230769230767,332.13,49,3
24.58,74.8,50,48,1.0956000000000001,2.02,303.86740000000003,313.28,49,1
24.66,74.64,49,48,1.4689795918367348,2.76,304.04224489795916,312.63,44,5
23.7,87.11,55,47,1.6101818181818182,4.4,301.298,309.8,54,1
15.14,76.71,58,46,0.9810344827586207,3.45,303.5958620689655,314.78,51,7
21.36,81.65,54,46,1.3544444444444446,2.51,304.5009259259259,312.17,54,0
24.21,82.52,52,46,1.025576923076923,2.29,301.87461538461537,312.58,48,4
13.16,80.29,51,46,2.032156862745098,6.95,312.55470588235295,338.18,39,12
21.73,83.98,49,46,1.1079591836734695,2.99,304.59632653061226,330.69,36,13
23.7,86.08,62,45,2.666129032258065,9.14,315.6595161290322,345.11,61,1
22.21,84.85,55,45,1.576909090909091,6.39,307.32690909090906,334.48,53,2
13.16,80.28,54,45,3.471111111111111,25.47,315.2266666666667,367.0,50,4
21.93,83.35,53,45,1.9877358490566037,5.78,305.9133962264151,340.85,49,4
20.98,85.17,52,45,1.8332692307692307,11.56,307.34403846153845,342.42,50,2
16.36,81.28,48,45,0.56375,2.03,305.318125,310.47,3,45
21.88,83.49,48,45,1.48625,4.87,305.1141666666667,314.83,48,0
23.82,85.49,45,45,1.4195555555555557,2.9,302.4511111111111,312.19,39,6
20.97,85.02,62,44,1.7016129032258065,5.84,309.1990322580645,334.38,1,61
21.54,81.95,48,44,1.3404166666666668,3.63,305.681875,314.75,44,4
22.99,72.59,48,44,0.7475,5.05,304.50895833333334,315.19,38,10
26.79,94.69,47,44,0.6372340425531915,1.53,302.2676595744681,312.55,7,40
16.87,80.02,46,44,1.041086956521739,2.53,305.62,311.11,43,3
22.32,82.52,82,43,2.7170731707317075,8.6,313.8626829268293,348.09,20,62
21.98,83.24,53,43,1.7896226415094338,12.79,309.35490566037737,349.7,42,11
21.34,81.67,48,43,0.821875,1.79,302.93395833333335,309.74,47,1
22.33,82.53,48,43,1.7966666666666666,10.25,307.04875,339.89,37,11
22.1,83.53,46,43,2.2878260869565215,5.3,317.3826086956522,344.31,18,28
22.79,86.19,46,43,1.855,3.6,307.1804347826087,323.05,46,0
15.07,76.87,45,43,1.2264444444444444,3.39,304.2268888888889,311.13,36,9
17.6,83.2,44,43,1.8902272727272729,5.54,310.4390909090909,338.12,44,0
22.36,82.29,44,43,2.2970454545454544,5.83,315.0895454545455,343.73,24,20
23.79,87.07,44,43,2.195227272727273,4.7,306.4959090909091,317.72,18,26
15.18,76.64,52,42,2.4153846153846152,7.33,314.21903846153845,345.18,49,3
21.76,83.85,46,42,2.315,5.92,317.7219565217392,339.68,44,2
22.33,82.59,43,42,1.7465116279069766,5.94,310.7686046511628,342.06,10,33
23.82,84.85,48,41,1.9556250000000002,5.72,316.47208333333333,367.0,41,7
28.74,76.93,47,41,1.0046808510638299,3.68,303.4106382978723,313.28,26,21
26.93,73.47,46,41,0.8334782608695653,1.69,301.26695652173913,310.77,42,4
22.33,82.68,45,41,1.3742222222222222,3.54,306.61822222222224,316.8,44,1
23.66,85.51,45,41,0.7535555555555556,1.66,300.13599999999997,308.58,44,1
21.24,79.22,44,41,1.5461363636363636,3.39,308.4375,333.93,43,1
23.7,86.07,56,40,2.476785714285714,10.85,315.45982142857144,344.74,56,0
22.33,82.69,47,40,2.180212765957447,13.2,312.92,347.03,44,3
23.79,86.34,47,40,2.262127659574468,8.0,309.79297872340425,340.49,42,5
21.82,83.99,45,40,1.0464444444444445,3.17,301.96911111111115,310.21,39,6
19.96,79.34,43,40,1.8374418604651164,8.61,317.0818604651163,346.54,41,2
20.96,85.15,51,39,1.9133333333333333,7.08,308.3770588235294,340.56,39,12
22.32,82.6,50,39,1.9096000000000002,4.37,310.4254,344.13,35,15
27.32,95.26,45,39,1.0326666666666666,2.73,304.42688888888887,318.14,45,0
20.97,85.13,42,39,1.587142857142857,4.08,306.67309523809524,334.14,39,3
15.17,76.65,41,39,2.356585365853659,6.91,311.78317073170734,338.35,41,0
23.79,86.23,41,39,1.1521951219512196,2.96,303.78536585365856,315.89,41,0
20.96,85.14,40,39,1.22425,3.68,304.17825000000005,310.04,39,1
27.46,95.47,47,37,0.9736170212765957,3.96,303.63510638297873,322.31,30,17
20.99,85.13,45,37,1.5393333333333332,5.09,309.6355555555556,336.06,41,4
22.25,87.39,45,37,1.0193333333333332,2.65,306.29688888888893,334.86,41,4
26.26,74.1,40,37,0.79875,1.73,299.91325,307.28,16,24
22.34,69.85,39,37,2.097179487179487,3.71,307.11846153846153,313.29,39,0
27.08,73.82,39,37,0.881025641025641,2.28,301.38179487179485,311.69,34,5
21.24,81.39,38,37,1.0223684210526316,3.54,306.0142105263158,314.42,38,0
23.31,70.2,37,37,0.6278378378378379,1.09,300.6381081081081,307.81,33,4
20.81,85.25,44,36,1.9611363636363637,3.72,307.7704545454545,340.57,42,2
18.72,79.53,41,36,1.6673170731707316,3.24,309.24146341463415,333.44,41,0
23.61,87.14,39,36,1.1776923076923076,2.4,300.7971794871795,307.84,37,2
23.7,87.1,39,36,1.6525641025641027,4.3,302.5564102564103,308.78,37,2
23.93,85.34,38,36,0.7315789473684211,1.05,300.2134210526316,309.22,29,9
22.2,84.58,37,36,0.8081081081081081,1.22,303.16513513513513,310.86,36,1
15.17,76.68,44,35,2.2647727272727276,9.77,315.9484090909091,341.91,41,3
23.67,86.11,41,35,1.2775609756097561,3.3,306.4968292682927,334.53,41,0
20.76,85.3,39,35,1.7312820512820513,6.63,308.4520512820513,333.72,28,11
23.33,70.21,37,35,0.8527027027027028,1.31,303.82108108108105,311.09,19,18
21.38,81.65,42,34,1.2335714285714285,2.57,300.54499999999996,306.38,28,14
21.19,81.41,38,34,4.016578947368421,17.82,313.54763157894735,339.34,37,1
21.24,79.23,38,34,1.5076315789473684,2.7,304.75894736842105,317.84,32,6
21.39,81.64,38,34,1.763157894736842,4.09,305.6936842105263,316.26,34,4
20.98,86.01,36,34,1.6327777777777779,5.44,312.1958333333333,341.46,35,1
21.25,79.23,36,34,1.8724999999999998,4.77,316.62111111111113,338.72,31,5
25.31,83.01,35,34,0.9665714285714285,4.4,302.75485714285713,310.46,15,20
20.7,78.62,40,33,1.5710000000000002,4.47,308.815,338.99,34,6
15.01,76.9,38,33,1.1539473684210526,2.81,303.0886842105263,309.13,11,27
21.0,86.02,38,33,3.6589473684210523,13.11,321.9526315789474,367.0,18,20
23.49,87.37,38,33,1.486578947368421,6.28,307.33263157894737,332.11,15,23
22.03,83.74,36,33,1.9825000000000002,4.6,308.7088888888889,320.97,35,1
23.6,87.15,34,33,1.1873529411764705,2.28,304.32882352941175,336.01,31,3
24.6,73.82,34,33,0.8576470588235294,2.74,302.6929411764706,339.05,20,14
31.26,76.93,34,33,0.808235294117647,5.8,300.875,347.18,31,3
22.78,86.21,37,32,2.9697297297297296,7.94,315.56243243243244,349.3,35,2
27.56,96.04,35,32,0.6351428571428571,1.41,301.1431428571429,317.51,35,0
24.82,73.1,34,32,1.2491176470588234,2.38,303.85117647058826,314.69,34,0
21.38,81.66,33,32,1.1072727272727272,2.1,302.5733333333333,311.87,33,0
22.05,85.47,32,32,0.9209375,1.4,302.3928125,310.76,32,0
23.79,86.24,32,32,1.4275,3.3,305.63625,331.87,32,0
27.03,94.89,49,31,1.153061224489796,6.9,307.5759183673469,347.79,30,19
23.74,85.02,45,31,1.865111111111111,7.76,305.79555555555555,341.72,41,4
24.16,82.6,45,31,2.251777777777778,9.01,318.64088888888887,347.31,4,41
22.31,82.74,42,31,1.8666666666666667,5.82,311.0652380952381,338.11,9,33
23.77,86.41,41,31,1.7158536585365853,4.69,308.619756097561,334.06,20,21
23.8,86.32,38,31,3.5052631578947366,8.86,312.9894736842105,341.01,23,15
19.94,73.71,35,31,0.8597142857142858,2.17,303.6682857142857,314.07,32,3
23.11,70.09,34,31,0.9661764705882353,6.57,302.315,337.48,32,2
10.92,77.06,33,31,0.8896969696969697,2.35,306.9054545454546,313.76,32,1
26.77,94.51,33,31,0.6545454545454545,2.56,303.08575757575755,329.9,4,29
20.94,86.05,32,31,1.6109375,3.96,305.2978125,315.92,32,0
24.53,81.17,32,31,0.9237500000000001,1.61,301.916875,309.89,30,2
15.92,77.36,31,31,0.8241935483870968,1.73,303.59741935483873,307.62,29,2
21.73,83.99,31,31,1.277741935483871,3.7,305.1541935483871,342.84,18,13
29.46,76.89,43,30,1.965813953488372,7.81,312.99186046511625,345.15,25,18
21.82,83.89,41,30,1.8943902439024392,6.12,310.8580487804878,337.68,13,28
22.21,84.84,38,30,1.5405263157894737,8.92,310.3671052631579,342.72,38,0
13.08,79.98,37,30,1.4110810810810812,6.54,309.18945945945944,332.44,4,33
21.2,81.4,36,30,1.9688888888888887,10.15,310.8827777777778,339.84,20,16
17.81,78.43,34,30,0.9538235294117647,2.24,307.9955882352941,324.01,6,28
15.02,78.02,32,30,1.5209375,6.19,309.44125,335.49,31,1
21.8,83.99,32,30,1.068125,4.41,305.0996875,336.96,31,1
23.67,86.94,32,30,1.595,4.4,316.2109375,342.16,27,5
21.79,83.99,31,30,0.9706451612903225,2.82,303.50935483870967,312.34,31,0
22.33,69.75,31,30,1.6083870967741936,2.59,305.91838709677415,310.52,30,1
23.52,87.27,31,30,0.8161290322580645,1.85,299.4477419354839,308.32,29,2
20.83,70.69,30,30,1.0663333333333334,1.64,304.3293333333333,311.04,29,1
23.11,70.19,30,30,0.8036666666666666,3.32,303.18199999999996,310.25,30,0
15.01,77.0,36,29,1.6675,5.72,311.94638888888886,328.14,10,26
21.82,83.9,33,29,1.7712121212121212,4.85,308.29121212121214,335.11,22,11
23.78,86.33,33,29,1.9063636363636363,5.0,307.2478787878788,318.31,33,0
24.05,80.61,31,29,1.129677419354839,3.11,302.3074193548387,312.36,30,1
28.27,77.27,31,29,0.7803225806451614,3.02,303.59032258064514,311.67,29,2
19.1,82.16,30,29,1.466,3.83,307.964,336.3,19,11
24.72,75.95,30,29,0.892,1.64,302.43266666666665,309.73,28,2
17.58,80.32,29,29,1.0293103448275862,1.47,306.31793103448274,311.96,5,24
20.86,85.0,29,29,1.8986206896551725,4.13,310.9427586206897,336.25,27,2
21.73,82.22,29,29,1.2744827586206897,2.47,305.49310344827586,313.51,24,5
20.83,86.96,41,28,2.9902439024390244,11.49,318.2217073170732,367.0,29,12
24.2,82.71,36,28,1.6241666666666665,9.93,304.15277777777777,312.48,31,5
14.87,78.05,33,28,2.137272727272727,8.15,312.0139393939394,335.66,29,4
11.18,79.1,31,28,1.4706451612903224,17.59,307.03322580645164,345.41,10,21
20.96,85.19,31,28,1.3506451612903225,2.47,304.2945161290322,311.2,31,0
21.08,85.05,31,28,3.6877419354838707,12.12,320.63516129032257,342.41,28,3
21.3,81.6,30,28,0.894,1.88,304.7196666666667,312.58,19,11
21.97,85.32,30,28,0.8450000000000001,1.55,302.122,314.27,29,1
22.23,84.75,30,28,1.1236666666666666,2.15,300.0196666666667,304.43,21,9
21.19,81.2,29,28,1.07,3.12,304.5441379310345,310.28,28,1
22.34,69.86,29,28,2.2968965517241378,3.46,307.116551724138,315.69,25,4
22.4,69.02,29,28,0.7427586206896551,1.48,303.0137931034483,307.84,25,4
21.63,82.11,28,28,0.8864285714285715,1.94,303.1257142857143,311.88,10,18
21.7,84.03,28,28,0.6414285714285715,0.94,302.1796428571429,308.58,18,10
23.02,70.1,28,28,0.8332142857142858,1.38,304.0514285714286,312.79,28,0
23.8,86.23,28,28,1.104642857142857,3.26,303.0835714285714,315.97,28,0
28.35,77.23,28,28,0.8846428571428572,2.59,304.8671428571429,320.65,17,11
21.82,84.0,36,27,0.9311111111111112,1.91,301.3858333333333,309.3,36,0
20.82,86.96,33,27,2.1563636363636363,9.31,315.2742424242424,343.87,20,13
19.02,72.89,32,27,2.973125,17.54,314.36,341.11,28,4
21.37,81.64,32,27,1.7215624999999999,3.73,303.5134375,338.51,24,8
26.65,79.48,31,27,2.402258064516129,18.39,309.4167741935484,354.36,31,0
20.84,70.69,30,27,1.275,6.71,305.5566666666667,345.04,29,1
22.91,86.07,28,27,0.8342857142857143,4.02,302.87607142857144,312.3,27,1
21.75,84.03,27,27,1.694074074074074,3.77,307.9522222222222,334.16,27,0
24.2,80.8,27,27,0.9755555555555555,2.12,302.3037037037037,315.7,24,3
24.77,74.61,27,27,1.4244444444444444,2.12,304.92703703703705,318.97,22,5
17.69,83.24,33,26,3.0536363636363637,17.96,316.1545454545455,347.12,5,28
18.8,74.26,32,26,2.4821875,5.71,317.0903125,367.0,28,4
20.96,86.05,32,26,1.8946875,7.09,314.48875,335.74,30,2
23.67,84.99,30,26,1.413,2.78,300.478,306.62,30,0
14.61,78.52,28,26,1.2442857142857144,3.66,305.9760714285714,313.62,28,0
15.0,77.0,28,26,1.4057142857142857,3.06,308.56,334.75,5,23
24.15,86.33,28,26,0.7578571428571428,1.28,303.5989285714286,317.31,18,10
18.68,73.05,27,26,1.6111111111111112,5.23,307.8974074074074,332.56,23,4
24.66,73.88,27,26,1.0374074074074073,4.91,303.5688888888889,344.39,2,25
21.37,81.69,26,26,1.5565384615384614,3.4,306.34153846153845,314.45,24,2
24.71,74.67,26,26,0.8323076923076923,1.25,302.0730769230769,307.84,26,0
26.52,90.53,32,25,1.63,5.51,310.4603125,337.64,30,2
15.52,74.0,28,25,1.0692857142857144,2.94,308.64285714285717,332.35,28,0
22.2,84.85,28,25,1.4907142857142859,4.44,305.1303571428571,333.69,23,5
26.79,94.67,28,25,0.7610714285714285,3.71,299.78035714285716,308.74,28,0
21.36,81.68,27,25,1.6333333333333333,3.52,306.3862962962963,312.88,22,5
22.17,85.44,27,25,0.5948148148148148,1.66,301.1196296296296,307.73,21,6
23.69,86.4,27,25,2.9125925925925924,10.38,316.5381481481482,344.8,24,3
23.79,86.36,27,25,2.392962962962963,21.63,309.5588888888889,355.96,26,1
15.33,76.28,25,25,1.412,3.2,305.482,312.95,24,1
29.46,76.87,32,24,1.445625,4.48,311.57875,338.3,30,2
23.75,86.41,26,24,1.893846153846154,3.73,305.3230769230769,339.08,22,4
22.31,84.77,25,24,0.7824000000000001,1.94,300.7208,308.02,17,8
21.37,81.65,24,24,1.3383333333333332,2.31,303.53208333333333,311.77,20,4
23.79,87.08,24,24,2.4941666666666666,5.16,308.7966666666667,334.99,7,17
26.76,83.21,24,24,1.0083333333333333,2.12,302.8329166666667,308.38,12,12
22.32,69.88,31,23,2.769354838709677,9.96,316.68,346.2,2,29
23.12,70.08,30,23,1.529,3.6,311.238,334.3,27,3
13.0,74.85,29,23,1.8900000000000001,4.33,314.57310344827584,337.16,18,11
17.61,83.21,27,23,2.0892592592592596,4.95,314.22999999999996,338.34,26,1
22.22,84.87,26,23,1.5715384615384616,4.78,307.7534615384615,327.96,24,2
23.12,70.09,26,23,1.4507692307692308,3.37,314.0673076923077,343.56,25,1
22.1,84.38,24,23,0.5750000000000001,1.43,298.85083333333336,305.22,22,2
22.31,82.52,24,23,1.6841666666666668,3.92,305.58458333333334,323.54,17,7
23.64,85.4,24,23,0.5258333333333333,1.33,300.4008333333333,307.37,16,8
23.69,87.13,24,23,1.3475000000000001,2.37,303.36,310.25,23,1
26.61,73.68,23,23,0.9882608695652174,1.88,302.63739130434783,309.83,23,0
22.03,83.75,28,22,2.001785714285714,5.59,311.71785714285716,336.34,28,0
23.17,82.35,28,22,2.4696428571428575,8.33,311.5814285714286,343.31,24,4
23.17,82.33,26,22,1.7330769230769232,3.21,305.13884615384615,315.29,16,10
26.64,79.47,25,22,1.6652,10.36,306.0824,345.53,23,2
21.53,86.83,24,22,0.8725,1.63,306.6645833333333,313.92,9,15
19.72,79.17,22,22,1.204090909090909,2.12,308.40227272727276,340.44,20,2
20.92,86.04,22,22,0.8877272727272728,2.55,303.57045454545454,308.55,21,1
20.24,86.61,29,21,3.346551724137931,8.33,311.298275862069,344.18,25,4
22.37,87.01,24,21,2.2575,7.29,305.8808333333333,331.27,22,2
17.53,83.0,23,21,1.3782608695652174,4.99,305.9034782608696,312.44,12,11
22.33,69.87,22,21,2.5913636363636363,9.78,308.9877272727272,347.94,20,2
23.1,70.19,22,21,0.8527272727272728,1.41,302.45863636363634,310.2,22,0
23.69,86.09,22,21,1.5877272727272727,4.4,307.0113636363636,332.57,20,2
23.76,86.42,22,21,0.8181818181818182,1.97,301.47272727272724,313.1,19,3
23.82,85.46,22,21,0.5809090909090909,0.91,298.87454545454545,303.59,19,3
11.18,79.09,21,21,1.018095238095238,1.64,307.07952380952383,312.29,21,0
19.11,82.17,21,21,1.4576190476190476,4.26,309.0942857142857,339.34,14,7
26.3,74.13,21,21,0.9876190476190477,1.78,303.53238095238095,312.24,20,1
22.05,88.1,30,20,4.599666666666667,26.7,315.1206666666667,367.0,17,13
21.92,83.36,25,20,3.2836000000000003,6.3,320.232,345.94,16,9
22.07,88.12,23,20,6.191304347826088,27.44,324.60086956521735,356.03,23,0
22.32,82.51,23,20,2.7982608695652176,8.36,312.38695652173914,334.67,4,19
23.73,85.02,23,20,2.453478260869565,5.38,310.60043478260866,333.05,23,0
23.62,85.64,21,20,0.520952380952381,0.93,300.61047619047616,311.19,18,3
23.71,85.4,21,20,0.5342857142857144,0.79,298.6328571428571,305.38,13,8
24.56,81.0,21,20,2.208095238095238,10.03,310.6514285714286,348.23,19,2
28.79,77.15,21,20,0.9495238095238095,3.09,308.1142857142857,315.22,19,2
29.13,75.78,21,20,1.098095238095238,2.79,303.0938095238095,318.96,18,3
9.98,76.38,20,20,1.7085000000000001,3.22,305.77,309.61,19,1
15.12,76.81,20,20,0.593,1.73,303.7575,307.68,19,1
15.18,76.38,20,20,1.3199999999999998,2.61,304.541,311.08,17,3
23.62,86.86,20,20,0.8285,2.38,299.725,307.55,17,3
31.26,76.92,20,20,0.7165,1.2,299.966,306.34,20,0
21.78,83.84,28,19,1.4407142857142858,6.4,306.3442857142857,334.84,18,10
18.81,74.26,24,19,2.24625,6.27,315.1091666666667,335.22,8,16
21.35,81.67,23,19,1.7334782608695651,3.28,314.4286956521739,339.46,17,6
21.24,79.63,22,19,1.3613636363636363,2.43,305.45909090909095,320.18,22,0
22.05,83.74,22,19,2.161818181818182,8.32,309.35181818181815,346.49,20,2
20.97,85.14,21,19,1.6057142857142856,4.06,307.26809523809527,333.95,18,3
21.2,81.41,21,19,3.2076190476190476,8.79,315.2190476190476,332.34,18,3
17.96,80.8,20,19,2.1465,5.42,309.1605,336.36,20,0
20.96,86.0,20,19,1.7075,4.92,307.5025,320.24,18,2
23.66,86.91,20,19,0.8960000000000001,1.57,301.518,308.64,18,2
23.73,85.01,20,19,1.6135000000000002,6.34,302.3385,325.3,19,1
21.77,83.83,19,19,1.5373684210526317,3.23,303.8205263157895,312.29,8,11
22.32,82.68,19,19,1.6863157894736842,4.96,306.44421052631577,331.36,17,2
23.57,87.09,19,19,0.8710526315789474,1.62,300.8957894736842,307.23,19,0
28.75,76.93,19,19,1.0521052631578949,3.49,305.4721052631579,314.19,7,12
31.33,76.9,19,19,0.7378947368421053,1.69,301.26684210526315,309.72,19,0
29.91,74.94,24,18,5.710416666666667,30.77,322.06625,367.0,22,2
22.32,82.69,22,18,3.8286363636363636,13.16,323.50454545454545,345.24,17,5
20.78,85.27,20,18,1.782,3.82,317.743,341.26,19,1
23.68,86.11,20,18,2.0825,6.86,311.1435,333.73,19,1
21.07,85.03,19,18,1.658421052631579,3.13,304.9036842105263,310.19,17,2
21.89,82.05,19,18,1.0110526315789474,5.23,306.69052631578944,344.94,17,2
23.69,86.08,19,18,1.976842105263158,4.99,315.7505263157895,336.72,16,3
23.84,85.3,19,18,0.7257894736842105,1.11,300.9094736842105,308.74,18,1
25.54,91.24,19,18,0.5931578947368421,0.85,299.45473684210526,304.72,11,8
21.67,84.04,18,18,1.1244444444444444,2.42,301.8911111111111,310.32,17,1
23.72,85.52,18,18,0.576111111111111,0.74,299.4194444444445,304.67,18,0
24.71,75.95,18,18,1.001111111111111,2.14,303.7316666666667,308.57,18,0
23.71,86.07,20,17,1.777,8.66,306.48699999999997,330.23,19,1
22.36,87.01,19,17,2.2952631578947367,6.97,304.9715789473684,317.99,17,2
23.8,87.07,18,17,2.231666666666667,6.07,308.40722222222223,340.29,5,13
17.14,78.22,17,17,1.1464705882352941,3.39,303.9182352941176,316.18,15,2
21.71,84.04,17,17,1.0982352941176472,2.16,304.84235294117644,310.43,8,9
21.87,83.5,17,17,1.1388235294117646,2.37,303.7076470588235,311.67,16,1
22.06,85.47,17,17,0.8764705882352941,1.53,302.66764705882355,312.54,16,1
22.26,75.14,17,17,1.0258823529411765,1.98,303.46999999999997,310.96,15,2
22.96,86.0,17,17,0.7000000000000001,4.99,300.6276470588235,336.29,12,5
23.8,86.24,17,17,1.121764705882353,2.21,301.49529411764706,312.06,17,0
26.6,73.68,17,17,0.8794117647058823,1.23,302.8294117647059,311.12,17,0
15.19,76.64,21,16,2.0738095238095235,5.57,312.5995238095238,336.64,19,2
21.68,84.03,21,16,2.4785714285714286,7.56,305.25380952380954,338.51,19,2
22.81,86.08,19,16,1.6773684210526316,5.18,310.6226315789474,346.27,15,4
24.16,82.68,19,16,2.656842105263158,12.04,316.58736842105264,342.83,6,13
10.93,77.06,18,16,0.8383333333333334,1.67,307.22222222222223,323.12,14,4
20.52,85.72,18,16,0.9288888888888889,1.4,305.2111111111111,322.03,11,7
23.67,86.12,18,16,1.1877777777777778,3.32,306.1788888888889,319.58,11,7
22.04,83.36,17,16,2.067647058823529,7.97,303.22058823529414,347.74,14,3
24.2,82.52,17,16,1.148235294117647,2.35,301.9294117647059,310.18,17,0
20.97,85.19,16,16,1.263125,4.22,304.26,330.56,16,0
22.86,86.05,16,16,0.940625,1.44,302.8,312.5,14,2
26.26,74.09,16,16,0.805,1.19,300.095,306.23,4,12
22.38,87.29,19,15,0.9273684210526316,1.55,304.25947368421055,315.35,7,12
22.63,86.18,17,15,0.6194117647058823,0.99,299.8811764705883,305.05,15,2
15.91,77.36,16,15,2.66875,17.16,308.860625,354.61,11,5
28.73,77.16,16,15,0.43125,1.04,298.98875,307.4,15,1
15.34,76.29,15,15,1.1913333333333334,1.87,305.49133333333333,312.82,15,0
17.15,78.23,15,15,0.7586666666666667,1.33,302.06333333333333,308.21,14,1
21.19,81.4,15,15,1.524,5.15,305.6986666666667,314.34,10,5
22.13,85.42,15,15,0.6073333333333333,0.9,299.512,303.97,14,1
22.27,75.14,15,15,1.1926666666666668,2.36,302.67133333333334,307.64,12,3
22.37,73.12,15,15,2.0273333333333334,3.06,306.0513333333334,317.25,8,7
22.78,86.13,15,15,0.5133333333333333,1.17,300.4646666666667,307.45,4,11
24.92,84.16,15,15,0.6453333333333333,1.96,299.64666666666665,311.07,15,0
26.09,93.95,15,15,0.38999999999999996,0.72,298.614,302.15,8,7
31.33,76.89,15,15,0.7806666666666667,1.09,301.8086666666667,307.98,15,0
20.98,86.0,16,14,1.005,1.98,306.9625,315.23,15,1
21.48,81.77,16,14,1.3375,2.51,304.093125,311.65,15,1
26.78,94.67,16,14,0.795625,1.51,303.609375,333.36,16,0
15.2,76.38,15,14,0.6586666666666667,0.96,303.45133333333337,310.23,15,0
23.84,85.31,15,14,0.6866666666666668,1.06,301.28,309.66,2,13
13.9,76.56,14,14,0.6950000000000001,1.02,303.02,305.52,7,7
19.97,79.33,14,14,0.9292857142857143,2.0,307.11785714285713,324.07,14,0
20.87,71.4,14,14,0.9228571428571428,1.47,303.9264285714286,306.94,10,4
22.06,85.46,14,14,0.9542857142857143,1.43,302.8442857142857,310.41,14,0
23.66,85.55,14,14,0.5264285714285715,0.74,298.64428571428573,306.22,13,1
23.69,68.83,14,14,0.7378571428571429,1.8,301.31928571428574,309.78,2,12
23.71,86.44,14,14,1.3114285714285714,2.55,302.51142857142855,310.64,14,0
23.79,86.21,16,13,2.006875,6.14,306.898125,341.18,16,0
23.56,87.25,15,13,1.318,3.5,302.9746666666667,323.98,6,3
17.59,80.32,14,13,0.9314285714285715,2.0,304.48857142857145,309.24,1,13
18.69,73.05,14,13,1.6064285714285715,4.86,305.8542857142857,310.23,11,3
22.06,83.73,14,13,1.332857142857143,3.3,306.5221428571429,331.51,14,0
23.81,86.31,14,13,2.107857142857143,3.81,305.8692857142857,311.43,14,0
10.93,77.07,13,13,1.1807692307692308,3.65,309.6923076923077,331.16,12,1
19.72,79.18,13,13,1.1361538461538463,4.19,304.33153846153846,310.58,10,3
23.75,85.5,13,13,1.0461538461538462,1.56,305.25461538461536,314.52,12,1
25.44,86.07,16,12,3.3425,9.39,327.8375,346.31,1,15
29.48,76.86,16,12,3.949375,27.22,319.005625,347.32,10,6
15.17,76.79,15,12,4.362666666666667,20.38,314.46,346.75,10,5
22.36,73.12,15,12,2.214,6.01,308.10266666666666,328.05,8,7
22.37,87.28,15,12,1.794,5.31,309.3426666666667,348.06,11,4
25.42,86.03,15,12,2.23,4.46,320.612,344.31,9,6
15.17,76.69,14,12,1.0435714285714286,1.61,305.5592857142857,313.12,6,8
20.24,86.6,14,12,2.4385714285714286,4.92,305.3492857142857,319.59,7,7
22.32,82.74,14,12,1.8971428571428572,5.74,309.3,341.2,2,12
23.49,87.36,14,12,1.9135714285714285,5.18,310.56857142857143,337.8,6,8
15.32,76.25,12,12,1.2616666666666667,2.52,304.5541666666667,309.77,7,5
20.71,78.62,12,12,2.5108333333333333,5.08,315.93583333333333,337.23,7,5
21.87,83.49,12,12,1.5991666666666668,6.04,307.99916666666667,337.86,11,1
22.82,86.09,12,12,0.8391666666666667,1.66,299.8533333333333,305.34,12,0
23.48,87.35,12,12,0.8708333333333332,1.5,298.295,303.02,12,0
23.67,86.93,12,12,2.0991666666666666,6.16,311.79833333333335,333.21,7,4
24.6,80.86,12,12,0.77,1.06,298.4241666666667,304.66,8,4
12.85,79.9,18,11,1.9772222222222224,3.34,314.415,329.53,8,10
21.68,82.08,15,11,1.5153333333333334,2.04,302.5133333333333,309.08,12,3
22.09,88.11,13,11,1.3184615384615386,4.28,306.7138461538462,315.67,2,11
24.24,78.16,13,11,1.4138461538461538,2.75,309.39153846153846,339.8,3,10
27.37,94.9,13,11,1.7823076923076924,4.83,311.94384615384615,337.64,13,0
11.81,77.93,12,11,1.8858333333333333,4.14,321.56416666666667,341.1,12,0
13.9,76.57,12,11,0.6649999999999999,1.01,303.51416666666665,308.37,9,3
18.74,79.53,12,11,1.2591666666666668,4.62,308.0316666666667,333.81,4,8
20.97,86.05,12,11,1.2016666666666667,2.83,306.18416666666667,330.71,10,2
21.74,83.98,12,11,3.4625000000000004,22.88,312.2941666666667,367.0,9,3
21.77,83.82,12,11,1.67,3.77,305.6166666666667,313.26,3,9
23.69,85.29,12,11,1.1725,2.33,304.70166666666665,342.05,1,11
26.3,74.12,12,11,1.035,3.03,300.605,312.21,12,0
11.31,79.81,11,11,0.7990909090909092,2.22,306.35818181818183,310.31,5,6
21.15,72.74,11,11,0.9754545454545455,2.76,307.3009090909091,315.72,2,9
21.25,81.77,11,11,0.9145454545454544,1.45,302.0,307.74,7,4
23.41,72.41,11,11,0.6790909090909091,1.81,299.33272727272725,310.89,5,6
23.65,85.57,11,11,0.759090909090909,1.18,298.8081818181818,304.74,8,3
23.68,87.12,11,11,1.029090909090909,1.9,302.91727272727275,308.05,11,0
24.32,81.33,11,11,0.9327272727272727,1.52,303.3963636363637,312.07,11,0
24.57,81.0,11,11,1.0045454545454546,1.66,302.74363636363637,311.76,11,0
24.72,74.67,11,11,0.6681818181818181,0.99,301.5,306.05,6,5
24.94,74.63,11,11,0.9927272727272727,1.68,300.37454545454545,304.83,4,7
12.85,79.91,12,10,3.2133333333333334,10.77,319.2858333333333,339.9,3,9
21.77,84.03,11,10,3.0690909090909098,7.36,318.85636363636365,342.57,9,2
23.72,85.53,11,10,0.5254545454545455,0.77,298.7127272727273,303.04,9,2
23.74,85.0,11,10,1.7118181818181817,3.01,302.0681818181818,309.38,5,6
24.76,74.6,11,10,1.8109090909090908,2.77,303.2872727272727,310.95,7,4
26.06,93.93,11,10,0.6690909090909091,1.75,299.1227272727273,305.5,5,6
13.55,77.01,10,10,1.143,5.98,305.464,337.62,9,1
13.72,79.63,10,10,1.224,2.38,306.906,319.25,1,9
21.35,81.66,10,10,2.168,3.24,317.65999999999997,335.63,9,1
21.99,85.32,10,10,0.882,1.96,300.169,309.12,10,0
22.37,73.11,10,10,1.719,3.47,304.534,316.15,8,2
22.38,87.27,10,10,2.123,2.81,303.091,310.51,9,1
22.93,69.83,10,10,0.8119999999999999,1.4,301.619,307.29,9,1
23.67,86.08,10,10,2.2670000000000003,5.16,310.664,331.62,9,1
